{"cameraMode":{"drawMode":0,"name":"Shaded","section":"Shading Mode"},"sceneLighting":false,"audioPlay":false,"sceneViewState":{"m_AlwaysRefresh":false,"showFog":true,"showSkybox":false,"showFlares":true,"showImageEffects":true,"showParticleSystems":true,"showVisualEffectGraphs":true,"m_FxEnabled":true},"in2DMode":false,"pivot":{"x":3.2700090408325197,"y":9.452003479003907,"z":2.664766311645508},"rotation":{"x":-0.603799045085907,"y":0.011243836022913456,"z":-0.008503877557814122,"w":-0.7970534563064575},"size":0.9055386185646057,"orthographic":false}